[{"protocolNumber":{"protocolNumber":"43026041500017657","notes":"oooooooo"},"userName":"k","deliverFrom":"Νίκαια","deliverTo":"Αθήνα","date":"Επιλέξτε ημ/νία","notes":""},{"protocolNumber":{"protocolNumber":"43016041500017658","notes":"oooooooo"},"userName":"k","deliverFrom":"Νίκαια","deliverTo":"Αθήνα","date":"Επιλέξτε ημ/νία","notes":""},{"protocolNumber":{"protocolNumber":"43020041500017659","notes":"oooooooo"},"userName":"k","deliverFrom":"Νίκαια","deliverTo":"Αθήνα","date":"Επιλέξτε ημ/νία","notes":""},{"protocolNumber":{"protocolNumber":"43015041500017660","notes":"oooooooo"},"userName":"k","deliverFrom":"Νίκαια","deliverTo":"Αθήνα","date":"Επιλέξτε ημ/νία","notes":""},{"protocolNumber":{"protocolNumber":"43015041500017661","notes":"oooooooo"},"userName":"k","deliverFrom":"Νίκαια","deliverTo":"Αθήνα","date":"Επιλέξτε ημ/νία","notes":""},{"protocolNumber":{"protocolNumber":"43037041500017663","notes":"oooooooo"},"userName":"k","deliverFrom":"Νίκαια","deliverTo":"Αθήνα","date":"Επιλέξτε ημ/νία","notes":""},{"protocolNumber":{"protocolNumber":"43017041500017664","notes":"oooooooo"},"userName":"k","deliverFrom":"Νίκαια","deliverTo":"Αθήνα","date":"Επιλέξτε ημ/νία","notes":""},{"protocolNumber":{"protocolNumber":"43015041500017665","notes":"oooooooo"},"userName":"k","deliverFrom":"Νίκαια","deliverTo":"Αθήνα","date":"Επιλέξτε ημ/νία","notes":""},{"protocolNumber":{"protocolNumber":"43032041500017666","notes":"oooooooo"},"userName":"k","deliverFrom":"Νίκαια","deliverTo":"Αθήνα","date":"Επιλέξτε ημ/νία","notes":""},{"protocolNumber":{"protocolNumber":"43048041500017667","notes":"oooooooo"},"userName":"k","deliverFrom":"Νίκαια","deliverTo":"Αθήνα","date":"Επιλέξτε ημ/νία","notes":""},{"protocolNumber":{"protocolNumber":"43030041500017668","notes":"oooooooo"},"userName":"k","deliverFrom":"Νίκαια","deliverTo":"Αθήνα","date":"Επιλέξτε ημ/νία","notes":""},{"protocolNumber":{"protocolNumber":"43048041500017669","notes":"oooooooo"},"userName":"k","deliverFrom":"Νίκαια","deliverTo":"Αθήνα","date":"Επιλέξτε ημ/νία","notes":""},{"protocolNumber":{"protocolNumber":"43032041500017670","notes":"oooooooo"},"userName":"k","deliverFrom":"Νίκαια","deliverTo":"Αθήνα","date":"Επιλέξτε ημ/νία","notes":""},{"protocolNumber":{"protocolNumber":"43018041500017671","notes":"oooooooo"},"userName":"k","deliverFrom":"Νίκαια","deliverTo":"Αθήνα","date":"Επιλέξτε ημ/νία","notes":""},{"protocolNumber":{"protocolNumber":"43015041500017672","notes":"oooooooo"},"userName":"k","deliverFrom":"Νίκαια","deliverTo":"Αθήνα","date":"Επιλέξτε ημ/νία","notes":""},{"protocolNumber":{"protocolNumber":"43007041500017673","notes":"oooooooo"},"userName":"k","deliverFrom":"Νίκαια","deliverTo":"Αθήνα","date":"Επιλέξτε ημ/νία","notes":""},{"protocolNumber":{"protocolNumber":"33035046100024100","notes":"oooooooo"},"userName":"k","deliverFrom":"Νίκαια","deliverTo":"Αθήνα","date":"Επιλέξτε ημ/νία","notes":""},{"protocolNumber":{"protocolNumber":"33047046100024102","notes":"oooooooo"},"userName":"k","deliverFrom":"Νίκαια","deliverTo":"Αθήνα","date":"Επιλέξτε ημ/νία","notes":""},{"protocolNumber":{"protocolNumber":"33002046100024207","notes":"oooooooo"},"userName":"k","deliverFrom":"Νίκαια","deliverTo":"Αθήνα","date":"Επιλέξτε ημ/νία","notes":""},{"protocolNumber":{"protocolNumber":"33027046100024208","notes":"oooooooo"},"userName":"k","deliverFrom":"Νίκαια","deliverTo":"Αθήνα","date":"Επιλέξτε ημ/νία","notes":""},{"protocolNumber":{"protocolNumber":"33027046100024193","notes":"oooooooo"},"userName":"k","deliverFrom":"Νίκαια","deliverTo":"Αθήνα","date":"Επιλέξτε ημ/νία","notes":""},{"protocolNumber":{"protocolNumber":"33002046100024203","notes":"oooooooo"},"userName":"k","deliverFrom":"Νίκαια","deliverTo":"Αθήνα","date":"Επιλέξτε ημ/νία","notes":""},{"protocolNumber":{"protocolNumber":"33027046100024204","notes":"oooooooo"},"userName":"k","deliverFrom":"Νίκαια","deliverTo":"Αθήνα","date":"Επιλέξτε ημ/νία","notes":""},{"protocolNumber":{"protocolNumber":"33002046100024205","notes":"oooooooo"},"userName":"k","deliverFrom":"Νίκαια","deliverTo":"Αθήνα","date":"Επιλέξτε ημ/νία","notes":""},{"protocolNumber":{"protocolNumber":"33027046100024206","notes":"oooooooo"},"userName":"k","deliverFrom":"Νίκαια","deliverTo":"Αθήνα","date":"Επιλέξτε ημ/νία","notes":""},{"protocolNumber":{"protocolNumber":"33011046100024196","notes":"oooooooo"},"userName":"k","deliverFrom":"Νίκαια","deliverTo":"Αθήνα","date":"Επιλέξτε ημ/νία","notes":""},{"protocolNumber":{"protocolNumber":"33002046100024039","notes":"oooooooo"},"userName":"k","deliverFrom":"Νίκαια","deliverTo":"Αθήνα","date":"Επιλέξτε ημ/νία","notes":""},{"protocolNumber":{"protocolNumber":"33002046100024046","notes":"oooooooo"},"userName":"k","deliverFrom":"Νίκαια","deliverTo":"Αθήνα","date":"Επιλέξτε ημ/νία","notes":""},{"protocolNumber":{"protocolNumber":"33064046100024033","notes":"oooooooo"},"userName":"k","deliverFrom":"Νίκαια","deliverTo":"Αθήνα","date":"Επιλέξτε ημ/νία","notes":""},{"protocolNumber":{"protocolNumber":"33027046100024109","notes":"oooooooo"},"userName":"k","deliverFrom":"Νίκαια","deliverTo":"Αθήνα","date":"Επιλέξτε ημ/νία","notes":""},{"protocolNumber":{"protocolNumber":"33029046100024105","notes":"oooooooo"},"userName":"k","deliverFrom":"Νίκαια","deliverTo":"Αθήνα","date":"Επιλέξτε ημ/νία","notes":""},{"protocolNumber":{"protocolNumber":"33002046100024081","notes":"oooooooo"},"userName":"k","deliverFrom":"Νίκαια","deliverTo":"Αθήνα","date":"Επιλέξτε ημ/νία","notes":""},{"protocolNumber":{"protocolNumber":"33003046100024001","notes":"oooooooo"},"userName":"k","deliverFrom":"Νίκαια","deliverTo":"Αθήνα","date":"Επιλέξτε ημ/νία","notes":""},{"protocolNumber":{"protocolNumber":"43048041500017699","notes":"oooooooo"},"userName":"k","deliverFrom":"Νίκαια","deliverTo":"Αθήνα","date":"Επιλέξτε ημ/νία","notes":""},{"protocolNumber":{"protocolNumber":"43027041500017700","notes":"oooooooo"},"userName":"k","deliverFrom":"Νίκαια","deliverTo":"Αθήνα","date":"Επιλέξτε ημ/νία","notes":""},{"protocolNumber":{"protocolNumber":"43018041500017701","notes":"oooooooo"},"userName":"k","deliverFrom":"Νίκαια","deliverTo":"Αθήνα","date":"Επιλέξτε ημ/νία","notes":""},{"protocolNumber":{"protocolNumber":"43007041500017702","notes":"oooooooo"},"userName":"k","deliverFrom":"Νίκαια","deliverTo":"Αθήνα","date":"Επιλέξτε ημ/νία","notes":""},{"protocolNumber":{"protocolNumber":"43016041500017703","notes":"oooooooo"},"userName":"k","deliverFrom":"Νίκαια","deliverTo":"Αθήνα","date":"Επιλέξτε ημ/νία","notes":""},{"protocolNumber":{"protocolNumber":"43015041500017704","notes":"oooooooo"},"userName":"k","deliverFrom":"Νίκαια","deliverTo":"Αθήνα","date":"Επιλέξτε ημ/νία","notes":""},{"protocolNumber":{"protocolNumber":"43023041500017705","notes":"oooooooo"},"userName":"k","deliverFrom":"Νίκαια","deliverTo":"Αθήνα","date":"Επιλέξτε ημ/νία","notes":""},{"protocolNumber":{"protocolNumber":"43048041500017706","notes":"oooooooo"},"userName":"k","deliverFrom":"Νίκαια","deliverTo":"Αθήνα","date":"Επιλέξτε ημ/νία","notes":""},{"protocolNumber":{"protocolNumber":"43015041500017707","notes":"oooooooo"},"userName":"k","deliverFrom":"Νίκαια","deliverTo":"Αθήνα","date":"Επιλέξτε ημ/νία","notes":""},{"protocolNumber":{"protocolNumber":"43015041500017708","notes":"oooooooo"},"userName":"k","deliverFrom":"Νίκαια","deliverTo":"Αθήνα","date":"Επιλέξτε ημ/νία","notes":""},{"protocolNumber":{"protocolNumber":"43007041500017709","notes":"oooooooo"},"userName":"k","deliverFrom":"Νίκαια","deliverTo":"Αθήνα","date":"Επιλέξτε ημ/νία","notes":""},{"protocolNumber":{"protocolNumber":"43030041500017710","notes":"oooooooo"},"userName":"k","deliverFrom":"Νίκαια","deliverTo":"Αθήνα","date":"Επιλέξτε ημ/νία","notes":""},{"protocolNumber":{"protocolNumber":"43007041500017711","notes":"oooooooo"},"userName":"k","deliverFrom":"Νίκαια","deliverTo":"Αθήνα","date":"Επιλέξτε ημ/νία","notes":""},{"protocolNumber":{"protocolNumber":"43008041500017713","notes":"oooooooo"},"userName":"k","deliverFrom":"Νίκαια","deliverTo":"Αθήνα","date":"Επιλέξτε ημ/νία","notes":""},{"protocolNumber":{"protocolNumber":"43030041500017714","notes":"oooooooo"},"userName":"k","deliverFrom":"Νίκαια","deliverTo":"Αθήνα","date":"Επιλέξτε ημ/νία","notes":""},{"protocolNumber":{"protocolNumber":"43030041500017715","notes":"oooooooo"},"userName":"k","deliverFrom":"Νίκαια","deliverTo":"Αθήνα","date":"Επιλέξτε ημ/νία","notes":""},{"protocolNumber":{"protocolNumber":"43030041500017716","notes":"oooooooo"},"userName":"k","deliverFrom":"Νίκαια","deliverTo":"Αθήνα","date":"Επιλέξτε ημ/νία","notes":""},{"protocolNumber":{"protocolNumber":"43030041500017717","notes":"oooooooo"},"userName":"k","deliverFrom":"Νίκαια","deliverTo":"Αθήνα","date":"Επιλέξτε ημ/νία","notes":""},{"protocolNumber":{"protocolNumber":"43030041500017718","notes":"oooooooo"},"userName":"k","deliverFrom":"Νίκαια","deliverTo":"Αθήνα","date":"Επιλέξτε ημ/νία","notes":""},{"protocolNumber":{"protocolNumber":"43036041500017674","notes":"oooooooo"},"userName":"k","deliverFrom":"Νίκαια","deliverTo":"Αθήνα","date":"Επιλέξτε ημ/νία","notes":""},{"protocolNumber":{"protocolNumber":"43030041500017675","notes":"oooooooo"},"userName":"k","deliverFrom":"Νίκαια","deliverTo":"Αθήνα","date":"Επιλέξτε ημ/νία","notes":""},{"protocolNumber":{"protocolNumber":"43007041500017676","notes":"oooooooo"},"userName":"k","deliverFrom":"Νίκαια","deliverTo":"Αθήνα","date":"Επιλέξτε ημ/νία","notes":""},{"protocolNumber":{"protocolNumber":"43038041500017677","notes":"oooooooo"},"userName":"k","deliverFrom":"Νίκαια","deliverTo":"Αθήνα","date":"Επιλέξτε ημ/νία","notes":""},{"protocolNumber":{"protocolNumber":"43015041500017678","notes":"oooooooo"},"userName":"k","deliverFrom":"Νίκαια","deliverTo":"Αθήνα","date":"Επιλέξτε ημ/νία","notes":""},{"protocolNumber":{"protocolNumber":"43027041500017679","notes":"oooooooo"},"userName":"k","deliverFrom":"Νίκαια","deliverTo":"Αθήνα","date":"Επιλέξτε ημ/νία","notes":""},{"protocolNumber":{"protocolNumber":"43034041500017680","notes":"oooooooo"},"userName":"k","deliverFrom":"Νίκαια","deliverTo":"Αθήνα","date":"Επιλέξτε ημ/νία","notes":""},{"protocolNumber":{"protocolNumber":"43030041500017681","notes":"oooooooo"},"userName":"k","deliverFrom":"Νίκαια","deliverTo":"Αθήνα","date":"Επιλέξτε ημ/νία","notes":""},{"protocolNumber":{"protocolNumber":"43032041500017682","notes":"oooooooo"},"userName":"k","deliverFrom":"Νίκαια","deliverTo":"Αθήνα","date":"Επιλέξτε ημ/νία","notes":""},{"protocolNumber":{"protocolNumber":"43048041500017683","notes":"oooooooo"},"userName":"k","deliverFrom":"Νίκαια","deliverTo":"Αθήνα","date":"Επιλέξτε ημ/νία","notes":""},{"protocolNumber":{"protocolNumber":"43048041500017684","notes":"oooooooo"},"userName":"k","deliverFrom":"Νίκαια","deliverTo":"Αθήνα","date":"Επιλέξτε ημ/νία","notes":""},{"protocolNumber":{"protocolNumber":"43034041500017685","notes":"oooooooo"},"userName":"k","deliverFrom":"Νίκαια","deliverTo":"Αθήνα","date":"Επιλέξτε ημ/νία","notes":""},{"protocolNumber":{"protocolNumber":"43008041500017686","notes":"oooooooo"},"userName":"k","deliverFrom":"Νίκαια","deliverTo":"Αθήνα","date":"Επιλέξτε ημ/νία","notes":""},{"protocolNumber":{"protocolNumber":"43028041500017687","notes":"oooooooo"},"userName":"k","deliverFrom":"Νίκαια","deliverTo":"Αθήνα","date":"Επιλέξτε ημ/νία","notes":""},{"protocolNumber":{"protocolNumber":"43029041500017688","notes":"oooooooo"},"userName":"k","deliverFrom":"Νίκαια","deliverTo":"Αθήνα","date":"Επιλέξτε ημ/νία","notes":""},{"protocolNumber":{"protocolNumber":"43034041500017689","notes":"oooooooo"},"userName":"k","deliverFrom":"Νίκαια","deliverTo":"Αθήνα","date":"Επιλέξτε ημ/νία","notes":""},{"protocolNumber":{"protocolNumber":"43008041500017690","notes":"oooooooo"},"userName":"k","deliverFrom":"Νίκαια","deliverTo":"Αθήνα","date":"Επιλέξτε ημ/νία","notes":""},{"protocolNumber":{"protocolNumber":"43048041500017691","notes":"oooooooo"},"userName":"k","deliverFrom":"Νίκαια","deliverTo":"Αθήνα","date":"Επιλέξτε ημ/νία","notes":""},{"protocolNumber":{"protocolNumber":"43027041500017692","notes":"oooooooo"},"userName":"k","deliverFrom":"Νίκαια","deliverTo":"Αθήνα","date":"Επιλέξτε ημ/νία","notes":""},{"protocolNumber":{"protocolNumber":"43022041500017693","notes":"oooooooo"},"userName":"k","deliverFrom":"Νίκαια","deliverTo":"Αθήνα","date":"Επιλέξτε ημ/νία","notes":""},{"protocolNumber":{"protocolNumber":"43028041500017694","notes":"oooooooo"},"userName":"k","deliverFrom":"Νίκαια","deliverTo":"Αθήνα","date":"Επιλέξτε ημ/νία","notes":""},{"protocolNumber":{"protocolNumber":"43029041500017695","notes":"oooooooo"},"userName":"k","deliverFrom":"Νίκαια","deliverTo":"Αθήνα","date":"Επιλέξτε ημ/νία","notes":""},{"protocolNumber":{"protocolNumber":"43015041500017696","notes":"oooooooo"},"userName":"k","deliverFrom":"Νίκαια","deliverTo":"Αθήνα","date":"Επιλέξτε ημ/νία","notes":""},{"protocolNumber":{"protocolNumber":"43020041500017697","notes":"oooooooo"},"userName":"k","deliverFrom":"Νίκαια","deliverTo":"Αθήνα","date":"Επιλέξτε ημ/νία","notes":""},{"protocolNumber":{"protocolNumber":"43029041500017698","notes":"oooooooo"},"userName":"k","deliverFrom":"Νίκαια","deliverTo":"Αθήνα","date":"Επιλέξτε ημ/νία","notes":""},{"protocolNumber":{"protocolNumber":"33063046100023797","notes":"oooooooo"},"userName":"k","deliverFrom":"Νίκαια","deliverTo":"Αθήνα","date":"Επιλέξτε ημ/νία","notes":""},{"protocolNumber":{"protocolNumber":"33035046100024091","notes":"oooooooo"},"userName":"k","deliverFrom":"Νίκαια","deliverTo":"Αθήνα","date":"Επιλέξτε ημ/νία","notes":""},{"protocolNumber":{"protocolNumber":"33027046100024072","notes":"oooooooo"},"userName":"k","deliverFrom":"Νίκαια","deliverTo":"Αθήνα","date":"Επιλέξτε ημ/νία","notes":""},{"protocolNumber":{"protocolNumber":"33035046100024116","notes":"oooooooo"},"userName":"k","deliverFrom":"Νίκαια","deliverTo":"Αθήνα","date":"Επιλέξτε ημ/νία","notes":""},{"protocolNumber":{"protocolNumber":"33016046100024036","notes":"oooooooo"},"userName":"k","deliverFrom":"Νίκαια","deliverTo":"Αθήνα","date":"Επιλέξτε ημ/νία","notes":""},{"protocolNumber":{"protocolNumber":"33071046100024125","notes":"oooooooo"},"userName":"k","deliverFrom":"Νίκαια","deliverTo":"Αθήνα","date":"Επιλέξτε ημ/νία","notes":""},{"protocolNumber":{"protocolNumber":"33027046100024191","notes":"oooooooo"},"userName":"k","deliverFrom":"Νίκαια","deliverTo":"Αθήνα","date":"Επιλέξτε ημ/νία","notes":""},{"protocolNumber":{"protocolNumber":"33035046100024093","notes":"oooooooo"},"userName":"k","deliverFrom":"Νίκαια","deliverTo":"Αθήνα","date":"Επιλέξτε ημ/νία","notes":""},{"protocolNumber":{"protocolNumber":"33002046100024098","notes":"oooooooo"},"userName":"k","deliverFrom":"Νίκαια","deliverTo":"Αθήνα","date":"Επιλέξτε ημ/νία","notes":""},{"protocolNumber":{"protocolNumber":"33003046100024032","notes":"oooooooo"},"userName":"k","deliverFrom":"Νίκαια","deliverTo":"Αθήνα","date":"Επιλέξτε ημ/νία","notes":""}]